file,variant,run,png_bytes,decoded_bytes,width,height,us,compression_ratio,ret
basi0g01.png,mem0,0,217,4096,32,32,510.675,0.052979,0
basi0g02.png,mem0,0,154,4096,32,32,163.033,0.037598,0
basi0g04.png,mem0,0,247,4096,32,32,164.812,0.060303,0
basi0g08.png,mem0,0,254,4096,32,32,302.630,0.062012,0
